# Updated File Paths (After Directory Restructuring)
# ============================================================================
# All file paths have been updated to reflect the new directory structure
# ============================================================================

# SOURCE FILES - Memory Modules
D:/AXI/src/wrapper/memory/axi_memory_slave.v
D:/AXI/src/wrapper/memory/axi_rom_slave.v

# SOURCE FILES - System Modules
D:/AXI/src/wrapper/systems/serv_axi_system.v
D:/AXI/src/wrapper/systems/dual_master_system.v
D:/AXI/src/wrapper/systems/alu_master_system.v

# SOURCE FILES - IP Modules
D:/AXI/src/wrapper/ip/dual_master_system_ip.v
D:/AXI/src/wrapper/ip/serv_axi_system_ip.v

# SOURCE FILES - Converter Modules
D:/AXI/src/wrapper/converters/serv_axi_wrapper.v
D:/AXI/src/wrapper/converters/wb2axi_read.v
D:/AXI/src/wrapper/converters/wb2axi_write.v

# TESTBENCH FILES - ALU Master
D:/AXI/tb/wrapper_tb/testbenches/alu_master/alu_master_system_tb.v
D:/AXI/tb/wrapper_tb/testbenches/alu_master/alu_master_system_tb_enhanced.v
D:/AXI/tb/wrapper_tb/testbenches/alu_master/alu_master_system_tb_simple.v

# TESTBENCH FILES - Dual Master
D:/AXI/tb/wrapper_tb/testbenches/dual_master/dual_master_system_tb.v
D:/AXI/tb/wrapper_tb/testbenches/dual_master/dual_master_system_ip_tb.v

# TESTBENCH FILES - SERV
D:/AXI/tb/wrapper_tb/testbenches/serv/serv_axi_system_tb.v
D:/AXI/tb/wrapper_tb/testbenches/serv/serv_axi_system_ip_tb.v

# ============================================================================
# PATH MAPPING (Old → New)
# ============================================================================
# OLD: D:/AXI/src/wrapper/axi_memory_slave.v
# NEW: D:/AXI/src/wrapper/memory/axi_memory_slave.v
#
# OLD: D:/AXI/src/wrapper/axi_rom_slave.v
# NEW: D:/AXI/src/wrapper/memory/axi_rom_slave.v
#
# OLD: D:/AXI/src/wrapper/serv_axi_system.v
# NEW: D:/AXI/src/wrapper/systems/serv_axi_system.v
#
# OLD: D:/AXI/src/wrapper/dual_master_system.v
# NEW: D:/AXI/src/wrapper/systems/dual_master_system.v
#
# OLD: D:/AXI/src/wrapper/alu_master_system.v
# NEW: D:/AXI/src/wrapper/systems/alu_master_system.v
#
# OLD: D:/AXI/src/wrapper/dual_master_system_ip.v
# NEW: D:/AXI/src/wrapper/ip/dual_master_system_ip.v
#
# OLD: D:/AXI/src/wrapper/serv_axi_system_ip.v
# NEW: D:/AXI/src/wrapper/ip/serv_axi_system_ip.v
#
# OLD: D:/AXI/src/wrapper/serv_axi_wrapper.v
# NEW: D:/AXI/src/wrapper/converters/serv_axi_wrapper.v
#
# OLD: D:/AXI/src/wrapper/wb2axi_read.v
# NEW: D:/AXI/src/wrapper/converters/wb2axi_read.v
#
# OLD: D:/AXI/src/wrapper/wb2axi_write.v
# NEW: D:/AXI/src/wrapper/converters/wb2axi_write.v
#
# OLD: D:/AXI/tb/wrapper_tb/alu_master_system_tb.v
# NEW: D:/AXI/tb/wrapper_tb/testbenches/alu_master/alu_master_system_tb.v
#
# OLD: D:/AXI/tb/wrapper_tb/alu_master_system_tb_enhanced.v
# NEW: D:/AXI/tb/wrapper_tb/testbenches/alu_master/alu_master_system_tb_enhanced.v
#
# OLD: D:/AXI/tb/wrapper_tb/alu_master_system_tb_simple.v
# NEW: D:/AXI/tb/wrapper_tb/testbenches/alu_master/alu_master_system_tb_simple.v
#
# OLD: D:/AXI/tb/wrapper_tb/dual_master_system_tb.v
# NEW: D:/AXI/tb/wrapper_tb/testbenches/dual_master/dual_master_system_tb.v
#
# OLD: D:/AXI/tb/wrapper_tb/serv_axi_system_tb.v
# NEW: D:/AXI/tb/wrapper_tb/testbenches/serv/serv_axi_system_tb.v
#
# OLD: D:/AXI/tb/wrapper_tb/serv_axi_system_ip_tb.v
# NEW: D:/AXI/tb/wrapper_tb/testbenches/serv/serv_axi_system_ip_tb.v

